frame,predicted_class
0,think
1,think
2,think
3,think
4,stand
5,stand
6,think
7,stand
8,stand
9,stand
10,think
11,think
12,think
13,think
14,think
15,think
16,think
17,think
18,think
19,think
20,think
21,think
22,think
23,think
24,think
25,think
26,think
27,think
28,think
29,think
30,think
31,think
32,stand
33,think
34,attack
35,attack
36,attack
37,attack
38,attack
39,attack
40,attack
41,attack
42,attack
43,attack
44,attack
45,attack
46,attack
47,attack
48,attack
49,attack
50,attack
51,attack
52,attack
53,attack
54,attack
55,attack
56,attack
57,attack
58,attack
59,attack
60,attack
61,attack
62,think
63,think
64,think
65,think
66,think
67,think
68,think
69,think
70,think
71,think
72,stand
73,think
74,idea
75,idea
76,idea
77,think
78,think
79,think
80,think
81,think
82,think
83,think
84,think
85,think
86,think
87,think
88,think
89,think
90,think
91,think
92,think
93,think
94,attack
95,think
96,think
97,think
98,think
99,attack
100,attack
101,attack
102,think
103,think
104,attack
105,think
106,think
107,idea
108,think
109,think
110,attack
111,think
112,idea
113,idea
114,idea
115,idea
116,idea
117,attack
118,attack
119,attack
120,idea
121,idea
122,idea
123,idea
124,think
125,stand
126,think
127,think
128,think
129,think
130,think
131,think
132,think
133,stand
134,think
135,think
136,think
137,think
138,think
139,think
140,think
141,think
142,think
143,think
144,think
145,think
146,think
147,think
148,think
149,think
150,think
151,think
152,think
153,think
154,think
155,think
156,think
157,think
158,think
159,think
160,think
161,think
162,think
163,think
164,think
165,think
166,think
167,think
168,think
169,think
170,think
171,think
172,stand
173,think
174,think
175,think
176,think
177,stand
178,think
179,stand
180,think
181,idea
182,think
183,think
184,think
185,think
186,think
187,think
188,think
189,think
190,think
191,think
192,think
193,think
194,think
195,idea
196,idea
197,think
198,think
199,think
200,attack
201,think
202,stand
203,think
204,stand
205,stand
206,stand
207,stand
208,stand
209,stand
210,idea
211,idea
212,idea
213,idea
214,stand
215,idea
216,idea
217,idea
218,idea
219,idea
220,idea
221,idea
222,think
223,think
224,think
225,think
226,think
227,think
228,think
229,attack
230,think
231,attack
232,think
233,think
234,idea
235,idea
236,idea
237,idea
238,idea
239,idea
240,idea
241,idea
242,idea
243,idea
244,idea
245,idea
246,idea
247,idea
248,idea
249,idea
250,idea
251,attack
252,attack
253,attack
254,idea
255,think
256,think
257,think
258,idea
259,idea
260,idea
261,idea
262,idea
263,attack
264,idea
265,idea
266,idea
267,idea
268,idea
269,idea
270,attack
271,idea
272,attack
273,attack
274,attack
275,idea
276,idea
277,attack
278,attack
279,idea
280,idea
281,attack
282,think
283,think
284,attack
285,idea
286,idea
287,attack
288,attack
289,attack
290,attack
291,attack
292,attack
293,attack
294,think
295,idea
296,idea
297,idea
298,idea
299,attack
300,idea
301,idea
302,think
303,stand
304,think
305,think
306,think
307,think
308,think
309,think
310,think
311,stand
312,stand
313,stand
314,think
315,think
316,think
317,think
318,think
319,think
320,think
321,think
322,think
323,think
324,think
325,think
326,think
327,think
328,think
329,think
330,stand
331,stand
332,stand
333,stand
334,stand
335,stand
336,think
337,stand
338,stand
339,think
340,think
341,think
342,think
343,think
344,think
345,think
346,think
347,think
348,think
349,think
350,stand
351,stand
352,idea
353,idea
354,idea
355,idea
356,idea
357,idea
358,idea
359,idea
360,idea
361,attack
362,think
363,attack
364,attack
365,attack
366,attack
367,attack
368,attack
369,attack
370,think
371,think
372,attack
373,attack
374,think
375,think
376,attack
377,attack
378,attack
379,attack
380,think
381,think
382,think
383,think
384,think
385,think
386,think
387,attack
388,attack
389,think
390,think
391,think
392,think
393,think
394,think
395,think
396,attack
397,think
398,think
399,think
400,think
401,think
402,think
403,think
404,attack
405,attack
406,attack
407,attack
408,think
409,think
410,think
411,think
412,think
413,think
414,think
415,attack
416,attack
417,think
418,idea
419,think
420,attack
421,idea
422,idea
423,idea
424,idea
425,idea
426,idea
427,attack
428,think
429,attack
430,think
431,think
432,think
433,think
434,think
435,think
436,think
437,stand
438,think
439,think
440,think
441,stand
442,stand
443,think
444,think
445,stand
446,stand
447,think
448,think
449,think
450,think
451,think
452,think
453,think
454,think
455,think
456,think
457,think
458,think
459,think
460,think
461,think
462,think
463,think
464,think
465,think
466,think
467,think
468,think
469,think
470,think
471,think
472,think
473,think
474,think
475,think
476,think
477,think
478,think
479,think
480,think
481,think
482,think
483,think
484,think
485,think
486,think
487,stand
488,stand
489,stand
490,stand
491,think
492,stand
493,stand
494,stand
495,think
496,stand
497,stand
498,stand
499,stand
500,stand
501,think
502,think
503,think
504,think
505,think
506,think
507,think
508,think
509,think
510,think
511,think
512,think
513,think
514,think
515,think
516,think
517,think
518,think
519,think
520,think
521,think
522,think
523,think
524,think
525,think
526,think
527,think
528,think
529,think
530,think
531,think
532,think
533,think
534,think
535,think
536,stand
537,stand
538,stand
539,think
540,think
541,think
542,think
543,think
544,think
545,think
546,think
547,stand
548,think
549,think
550,think
551,attack
552,attack
553,attack
554,attack
555,attack
556,attack
557,attack
558,attack
559,attack
560,attack
561,attack
562,attack
563,attack
564,attack
565,attack
566,attack
567,attack
568,attack
569,attack
570,attack
571,attack
572,attack
573,attack
574,think
575,think
576,stand
577,stand
578,stand
579,stand
580,stand
581,stand
582,stand
583,stand
584,stand
585,stand
586,stand
587,stand
588,stand
589,stand
590,stand
591,think
592,stand
593,stand
594,stand
595,stand
596,stand
597,stand
598,stand
599,stand
600,stand
601,stand
602,stand
603,stand
604,stand
605,stand
606,stand
607,stand
608,stand
609,stand
610,stand
611,stand
612,stand
613,stand
614,stand
615,stand
616,stand
617,stand
618,stand
619,stand
620,stand
621,stand
622,think
623,think
624,think
625,think
626,stand
627,think
628,think
629,think
630,think
631,stand
632,think
633,think
634,think
635,think
636,think
637,think
638,think
639,think
640,think
641,stand
642,stand
643,stand
644,think
645,think
646,think
647,think
648,think
649,think
650,stand
651,stand
652,idea
653,stand
654,think
655,think
656,think
657,think
658,think
659,think
660,think
661,think
662,attack
663,think
664,think
665,attack
666,attack
667,attack
668,think
669,think
670,think
671,think
672,think
673,think
674,think
675,think
676,think
677,attack
678,attack
679,attack
680,attack
681,attack
682,think
683,think
684,think
685,think
686,think
687,think
688,think
689,think
690,think
691,think
692,think
693,think
694,think
695,think
696,think
697,think
698,think
699,think
700,think
701,think
702,think
703,think
704,think
705,think
706,think
707,think
708,think
709,think
710,think
711,think
712,think
713,attack
714,attack
715,attack
716,think
717,think
718,idea
719,idea
720,idea
721,idea
722,idea
723,idea
724,idea
725,attack
726,idea
727,attack
728,think
729,think
730,think
731,think
732,think
733,think
734,think
735,stand
736,think
737,think
738,stand
739,idea
740,think
741,idea
742,idea
743,idea
744,idea
745,idea
746,idea
747,idea
748,idea
749,idea
750,think
751,think
752,idea
753,think
754,think
755,think
756,think
757,think
758,stand
759,stand
760,stand
761,stand
762,stand
763,stand
764,idea
765,idea
766,idea
767,idea
768,idea
769,idea
770,idea
771,idea
772,idea
773,idea
774,idea
775,idea
776,idea
777,idea
778,idea
779,idea
780,think
781,think
782,think
783,think
784,think
785,think
786,think
787,think
788,think
789,think
790,think
791,think
792,think
793,think
794,think
795,think
796,think
797,think
798,think
799,think
800,think
801,think
802,think
803,think
804,think
805,think
806,think
807,think
808,think
809,think
810,think
811,attack
812,think
813,attack
814,idea
815,idea
816,idea
817,idea
818,idea
819,idea
820,idea
821,attack
822,attack
823,think
824,think
825,think
826,think
827,think
828,attack
829,attack
830,attack
831,attack
832,attack
833,attack
834,attack
835,attack
836,attack
837,attack
838,attack
839,attack
840,attack
841,think
842,think
843,think
844,think
845,think
846,attack
847,attack
848,attack
849,attack
850,attack
851,attack
852,attack
853,attack
854,attack
855,attack
856,attack
857,attack
858,attack
859,attack
860,attack
861,attack
862,attack
863,attack
864,attack
865,attack
866,attack
